VariantID,ProductID,SKU,ColorName,SizeCode,SizeOrder,ListPrice
V00001,P0001,P0001-SL-7,Slate,7,1,271.95
V00002,P0001,P0001-SL-75,Slate,7.5,2,271.95
V00003,P0001,P0001-SL-8,Slate,8,3,271.95
V00004,P0001,P0001-SL-85,Slate,8.5,4,271.95
V00005,P0001,P0001-SL-9,Slate,9,5,271.95
V00006,P0001,P0001-SL-95,Slate,9.5,6,271.95
V00007,P0001,P0001-SL-10,Slate,10,7,271.95
V00008,P0001,P0001-SL-105,Slate,10.5,8,271.95
V00009,P0001,P0001-SL-11,Slate,11,9,271.95
V00010,P0001,P0001-SL-115,Slate,11.5,10,271.95
V00011,P0001,P0001-SL-12,Slate,12,11,271.95
V00012,P0001,P0001-SL-13,Slate,13,12,271.95
V00013,P0001,P0001-DU-7,Dune,7,1,271.95
V00014,P0001,P0001-DU-75,Dune,7.5,2,271.95
V00015,P0001,P0001-DU-8,Dune,8,3,271.95
V00016,P0001,P0001-DU-85,Dune,8.5,4,271.95
V00017,P0001,P0001-DU-9,Dune,9,5,271.95
V00018,P0001,P0001-DU-95,Dune,9.5,6,271.95
V00019,P0001,P0001-DU-10,Dune,10,7,271.95
V00020,P0001,P0001-DU-105,Dune,10.5,8,271.95
V00021,P0001,P0001-DU-11,Dune,11,9,271.95
V00022,P0001,P0001-DU-115,Dune,11.5,10,271.95
V00023,P0001,P0001-DU-12,Dune,12,11,271.95
V00024,P0001,P0001-DU-13,Dune,13,12,271.95
V00025,P0002,P0002-ST-7,Storm Blue,7,1,190.95
V00026,P0002,P0002-ST-75,Storm Blue,7.5,2,190.95
V00027,P0002,P0002-ST-8,Storm Blue,8,3,190.95
V00028,P0002,P0002-ST-85,Storm Blue,8.5,4,190.95
V00029,P0002,P0002-ST-9,Storm Blue,9,5,190.95
V00030,P0002,P0002-ST-95,Storm Blue,9.5,6,190.95
V00031,P0002,P0002-ST-10,Storm Blue,10,7,190.95
V00032,P0002,P0002-ST-105,Storm Blue,10.5,8,190.95
V00033,P0002,P0002-ST-11,Storm Blue,11,9,190.95
V00034,P0002,P0002-ST-115,Storm Blue,11.5,10,190.95
V00035,P0002,P0002-ST-12,Storm Blue,12,11,190.95
V00036,P0002,P0002-ST-13,Storm Blue,13,12,190.95
V00037,P0002,P0002-EM-7,Ember,7,1,190.95
V00038,P0002,P0002-EM-75,Ember,7.5,2,190.95
V00039,P0002,P0002-EM-8,Ember,8,3,190.95
V00040,P0002,P0002-EM-85,Ember,8.5,4,190.95
V00041,P0002,P0002-EM-9,Ember,9,5,190.95
V00042,P0002,P0002-EM-95,Ember,9.5,6,190.95
V00043,P0002,P0002-EM-10,Ember,10,7,190.95
V00044,P0002,P0002-EM-105,Ember,10.5,8,190.95
V00045,P0002,P0002-EM-11,Ember,11,9,190.95
V00046,P0002,P0002-EM-115,Ember,11.5,10,190.95
V00047,P0002,P0002-EM-12,Ember,12,11,190.95
V00048,P0002,P0002-EM-13,Ember,13,12,190.95
V00049,P0003,P0003-ST-7,Storm Blue,7,1,164.95
V00050,P0003,P0003-ST-75,Storm Blue,7.5,2,164.95
V00051,P0003,P0003-ST-8,Storm Blue,8,3,164.95
V00052,P0003,P0003-ST-85,Storm Blue,8.5,4,164.95
V00053,P0003,P0003-ST-9,Storm Blue,9,5,164.95
V00054,P0003,P0003-ST-95,Storm Blue,9.5,6,164.95
V00055,P0003,P0003-ST-10,Storm Blue,10,7,164.95
V00056,P0003,P0003-ST-105,Storm Blue,10.5,8,164.95
V00057,P0003,P0003-ST-11,Storm Blue,11,9,164.95
V00058,P0003,P0003-ST-115,Storm Blue,11.5,10,164.95
V00059,P0003,P0003-ST-12,Storm Blue,12,11,164.95
V00060,P0003,P0003-ST-13,Storm Blue,13,12,164.95
V00061,P0003,P0003-SL-7,Slate,7,1,164.95
V00062,P0003,P0003-SL-75,Slate,7.5,2,164.95
V00063,P0003,P0003-SL-8,Slate,8,3,164.95
V00064,P0003,P0003-SL-85,Slate,8.5,4,164.95
V00065,P0003,P0003-SL-9,Slate,9,5,164.95
V00066,P0003,P0003-SL-95,Slate,9.5,6,164.95
V00067,P0003,P0003-SL-10,Slate,10,7,164.95
V00068,P0003,P0003-SL-105,Slate,10.5,8,164.95
V00069,P0003,P0003-SL-11,Slate,11,9,164.95
V00070,P0003,P0003-SL-115,Slate,11.5,10,164.95
V00071,P0003,P0003-SL-12,Slate,12,11,164.95
V00072,P0003,P0003-SL-13,Slate,13,12,164.95
V00073,P0004,P0004-EM-7,Ember,7,1,240.95
V00074,P0004,P0004-EM-75,Ember,7.5,2,240.95
V00075,P0004,P0004-EM-8,Ember,8,3,240.95
V00076,P0004,P0004-EM-85,Ember,8.5,4,240.95
V00077,P0004,P0004-EM-9,Ember,9,5,240.95
V00078,P0004,P0004-EM-95,Ember,9.5,6,240.95
V00079,P0004,P0004-EM-10,Ember,10,7,240.95
V00080,P0004,P0004-EM-105,Ember,10.5,8,240.95
V00081,P0004,P0004-EM-11,Ember,11,9,240.95
V00082,P0004,P0004-EM-115,Ember,11.5,10,240.95
V00083,P0004,P0004-EM-12,Ember,12,11,240.95
V00084,P0004,P0004-EM-13,Ember,13,12,240.95
V00085,P0004,P0004-SL-7,Slate,7,1,240.95
V00086,P0004,P0004-SL-75,Slate,7.5,2,240.95
V00087,P0004,P0004-SL-8,Slate,8,3,240.95
V00088,P0004,P0004-SL-85,Slate,8.5,4,240.95
V00089,P0004,P0004-SL-9,Slate,9,5,240.95
V00090,P0004,P0004-SL-95,Slate,9.5,6,240.95
V00091,P0004,P0004-SL-10,Slate,10,7,240.95
V00092,P0004,P0004-SL-105,Slate,10.5,8,240.95
V00093,P0004,P0004-SL-11,Slate,11,9,240.95
V00094,P0004,P0004-SL-115,Slate,11.5,10,240.95
V00095,P0004,P0004-SL-12,Slate,12,11,240.95
V00096,P0004,P0004-SL-13,Slate,13,12,240.95
V00097,P0005,P0005-SL-7,Slate,7,1,133.95
V00098,P0005,P0005-SL-75,Slate,7.5,2,133.95
V00099,P0005,P0005-SL-8,Slate,8,3,133.95
V00100,P0005,P0005-SL-85,Slate,8.5,4,133.95
V00101,P0005,P0005-SL-9,Slate,9,5,133.95
V00102,P0005,P0005-SL-95,Slate,9.5,6,133.95
V00103,P0005,P0005-SL-10,Slate,10,7,133.95
V00104,P0005,P0005-SL-105,Slate,10.5,8,133.95
V00105,P0005,P0005-SL-11,Slate,11,9,133.95
V00106,P0005,P0005-SL-115,Slate,11.5,10,133.95
V00107,P0005,P0005-SL-12,Slate,12,11,133.95
V00108,P0005,P0005-SL-13,Slate,13,12,133.95
V00109,P0005,P0005-CL-7,Clay,7,1,133.95
V00110,P0005,P0005-CL-75,Clay,7.5,2,133.95
V00111,P0005,P0005-CL-8,Clay,8,3,133.95
V00112,P0005,P0005-CL-85,Clay,8.5,4,133.95
V00113,P0005,P0005-CL-9,Clay,9,5,133.95
V00114,P0005,P0005-CL-95,Clay,9.5,6,133.95
V00115,P0005,P0005-CL-10,Clay,10,7,133.95
V00116,P0005,P0005-CL-105,Clay,10.5,8,133.95
V00117,P0005,P0005-CL-11,Clay,11,9,133.95
V00118,P0005,P0005-CL-115,Clay,11.5,10,133.95
V00119,P0005,P0005-CL-12,Clay,12,11,133.95
V00120,P0005,P0005-CL-13,Clay,13,12,133.95
V00121,P0006,P0006-BO-7,Bone,7,1,162.95
V00122,P0006,P0006-BO-75,Bone,7.5,2,162.95
V00123,P0006,P0006-BO-8,Bone,8,3,162.95
V00124,P0006,P0006-BO-85,Bone,8.5,4,162.95
V00125,P0006,P0006-BO-9,Bone,9,5,162.95
V00126,P0006,P0006-BO-95,Bone,9.5,6,162.95
V00127,P0006,P0006-BO-10,Bone,10,7,162.95
V00128,P0006,P0006-BO-105,Bone,10.5,8,162.95
V00129,P0006,P0006-BO-11,Bone,11,9,162.95
V00130,P0006,P0006-BO-115,Bone,11.5,10,162.95
V00131,P0006,P0006-BO-12,Bone,12,11,162.95
V00132,P0006,P0006-BO-13,Bone,13,12,162.95
V00133,P0006,P0006-ST-7,Storm Blue,7,1,162.95
V00134,P0006,P0006-ST-75,Storm Blue,7.5,2,162.95
V00135,P0006,P0006-ST-8,Storm Blue,8,3,162.95
V00136,P0006,P0006-ST-85,Storm Blue,8.5,4,162.95
V00137,P0006,P0006-ST-9,Storm Blue,9,5,162.95
V00138,P0006,P0006-ST-95,Storm Blue,9.5,6,162.95
V00139,P0006,P0006-ST-10,Storm Blue,10,7,162.95
V00140,P0006,P0006-ST-105,Storm Blue,10.5,8,162.95
V00141,P0006,P0006-ST-11,Storm Blue,11,9,162.95
V00142,P0006,P0006-ST-115,Storm Blue,11.5,10,162.95
V00143,P0006,P0006-ST-12,Storm Blue,12,11,162.95
V00144,P0006,P0006-ST-13,Storm Blue,13,12,162.95
V00145,P0007,P0007-SL-7,Slate,7,1,126.95
V00146,P0007,P0007-SL-75,Slate,7.5,2,126.95
V00147,P0007,P0007-SL-8,Slate,8,3,126.95
V00148,P0007,P0007-SL-85,Slate,8.5,4,126.95
V00149,P0007,P0007-SL-9,Slate,9,5,126.95
V00150,P0007,P0007-SL-95,Slate,9.5,6,126.95
V00151,P0007,P0007-SL-10,Slate,10,7,126.95
V00152,P0007,P0007-SL-105,Slate,10.5,8,126.95
V00153,P0007,P0007-SL-11,Slate,11,9,126.95
V00154,P0007,P0007-SL-115,Slate,11.5,10,126.95
V00155,P0007,P0007-SL-12,Slate,12,11,126.95
V00156,P0007,P0007-SL-13,Slate,13,12,126.95
V00157,P0007,P0007-BA-7,Basalt,7,1,126.95
V00158,P0007,P0007-BA-75,Basalt,7.5,2,126.95
V00159,P0007,P0007-BA-8,Basalt,8,3,126.95
V00160,P0007,P0007-BA-85,Basalt,8.5,4,126.95
V00161,P0007,P0007-BA-9,Basalt,9,5,126.95
V00162,P0007,P0007-BA-95,Basalt,9.5,6,126.95
V00163,P0007,P0007-BA-10,Basalt,10,7,126.95
V00164,P0007,P0007-BA-105,Basalt,10.5,8,126.95
V00165,P0007,P0007-BA-11,Basalt,11,9,126.95
V00166,P0007,P0007-BA-115,Basalt,11.5,10,126.95
V00167,P0007,P0007-BA-12,Basalt,12,11,126.95
V00168,P0007,P0007-BA-13,Basalt,13,12,126.95
V00169,P0008,P0008-SL-7,Slate,7,1,135.95
V00170,P0008,P0008-SL-75,Slate,7.5,2,135.95
V00171,P0008,P0008-SL-8,Slate,8,3,135.95
V00172,P0008,P0008-SL-85,Slate,8.5,4,135.95
V00173,P0008,P0008-SL-9,Slate,9,5,135.95
V00174,P0008,P0008-SL-95,Slate,9.5,6,135.95
V00175,P0008,P0008-SL-10,Slate,10,7,135.95
V00176,P0008,P0008-SL-105,Slate,10.5,8,135.95
V00177,P0008,P0008-SL-11,Slate,11,9,135.95
V00178,P0008,P0008-SL-115,Slate,11.5,10,135.95
V00179,P0008,P0008-SL-12,Slate,12,11,135.95
V00180,P0008,P0008-SL-13,Slate,13,12,135.95
V00181,P0008,P0008-ST-7,Storm Blue,7,1,135.95
V00182,P0008,P0008-ST-75,Storm Blue,7.5,2,135.95
V00183,P0008,P0008-ST-8,Storm Blue,8,3,135.95
V00184,P0008,P0008-ST-85,Storm Blue,8.5,4,135.95
V00185,P0008,P0008-ST-9,Storm Blue,9,5,135.95
V00186,P0008,P0008-ST-95,Storm Blue,9.5,6,135.95
V00187,P0008,P0008-ST-10,Storm Blue,10,7,135.95
V00188,P0008,P0008-ST-105,Storm Blue,10.5,8,135.95
V00189,P0008,P0008-ST-11,Storm Blue,11,9,135.95
V00190,P0008,P0008-ST-115,Storm Blue,11.5,10,135.95
V00191,P0008,P0008-ST-12,Storm Blue,12,11,135.95
V00192,P0008,P0008-ST-13,Storm Blue,13,12,135.95
V00193,P0009,P0009-BA-7,Basalt,7,1,119.95
V00194,P0009,P0009-BA-75,Basalt,7.5,2,119.95
V00195,P0009,P0009-BA-8,Basalt,8,3,119.95
V00196,P0009,P0009-BA-85,Basalt,8.5,4,119.95
V00197,P0009,P0009-BA-9,Basalt,9,5,119.95
V00198,P0009,P0009-BA-95,Basalt,9.5,6,119.95
V00199,P0009,P0009-BA-10,Basalt,10,7,119.95
V00200,P0009,P0009-BA-105,Basalt,10.5,8,119.95
V00201,P0009,P0009-BA-11,Basalt,11,9,119.95
V00202,P0009,P0009-BA-115,Basalt,11.5,10,119.95
V00203,P0009,P0009-BA-12,Basalt,12,11,119.95
V00204,P0009,P0009-BA-13,Basalt,13,12,119.95
V00205,P0009,P0009-SL-7,Slate,7,1,119.95
V00206,P0009,P0009-SL-75,Slate,7.5,2,119.95
V00207,P0009,P0009-SL-8,Slate,8,3,119.95
V00208,P0009,P0009-SL-85,Slate,8.5,4,119.95
V00209,P0009,P0009-SL-9,Slate,9,5,119.95
V00210,P0009,P0009-SL-95,Slate,9.5,6,119.95
V00211,P0009,P0009-SL-10,Slate,10,7,119.95
V00212,P0009,P0009-SL-105,Slate,10.5,8,119.95
V00213,P0009,P0009-SL-11,Slate,11,9,119.95
V00214,P0009,P0009-SL-115,Slate,11.5,10,119.95
V00215,P0009,P0009-SL-12,Slate,12,11,119.95
V00216,P0009,P0009-SL-13,Slate,13,12,119.95
V00217,P0010,P0010-ST-7,Storm Blue,7,1,108.95
V00218,P0010,P0010-ST-75,Storm Blue,7.5,2,108.95
V00219,P0010,P0010-ST-8,Storm Blue,8,3,108.95
V00220,P0010,P0010-ST-85,Storm Blue,8.5,4,108.95
V00221,P0010,P0010-ST-9,Storm Blue,9,5,108.95
V00222,P0010,P0010-ST-95,Storm Blue,9.5,6,108.95
V00223,P0010,P0010-ST-10,Storm Blue,10,7,108.95
V00224,P0010,P0010-ST-105,Storm Blue,10.5,8,108.95
V00225,P0010,P0010-ST-11,Storm Blue,11,9,108.95
V00226,P0010,P0010-ST-115,Storm Blue,11.5,10,108.95
V00227,P0010,P0010-ST-12,Storm Blue,12,11,108.95
V00228,P0010,P0010-ST-13,Storm Blue,13,12,108.95
V00229,P0010,P0010-DU-7,Dune,7,1,108.95
V00230,P0010,P0010-DU-75,Dune,7.5,2,108.95
V00231,P0010,P0010-DU-8,Dune,8,3,108.95
V00232,P0010,P0010-DU-85,Dune,8.5,4,108.95
V00233,P0010,P0010-DU-9,Dune,9,5,108.95
V00234,P0010,P0010-DU-95,Dune,9.5,6,108.95
V00235,P0010,P0010-DU-10,Dune,10,7,108.95
V00236,P0010,P0010-DU-105,Dune,10.5,8,108.95
V00237,P0010,P0010-DU-11,Dune,11,9,108.95
V00238,P0010,P0010-DU-115,Dune,11.5,10,108.95
V00239,P0010,P0010-DU-12,Dune,12,11,108.95
V00240,P0010,P0010-DU-13,Dune,13,12,108.95
V00241,P0011,P0011-CL-7,Clay,7,1,157.95
V00242,P0011,P0011-CL-75,Clay,7.5,2,157.95
V00243,P0011,P0011-CL-8,Clay,8,3,157.95
V00244,P0011,P0011-CL-85,Clay,8.5,4,157.95
V00245,P0011,P0011-CL-9,Clay,9,5,157.95
V00246,P0011,P0011-CL-95,Clay,9.5,6,157.95
V00247,P0011,P0011-CL-10,Clay,10,7,157.95
V00248,P0011,P0011-CL-105,Clay,10.5,8,157.95
V00249,P0011,P0011-CL-11,Clay,11,9,157.95
V00250,P0011,P0011-CL-115,Clay,11.5,10,157.95
V00251,P0011,P0011-CL-12,Clay,12,11,157.95
V00252,P0011,P0011-CL-13,Clay,13,12,157.95
V00253,P0011,P0011-MO-7,Moss,7,1,157.95
V00254,P0011,P0011-MO-75,Moss,7.5,2,157.95
V00255,P0011,P0011-MO-8,Moss,8,3,157.95
V00256,P0011,P0011-MO-85,Moss,8.5,4,157.95
V00257,P0011,P0011-MO-9,Moss,9,5,157.95
V00258,P0011,P0011-MO-95,Moss,9.5,6,157.95
V00259,P0011,P0011-MO-10,Moss,10,7,157.95
V00260,P0011,P0011-MO-105,Moss,10.5,8,157.95
V00261,P0011,P0011-MO-11,Moss,11,9,157.95
V00262,P0011,P0011-MO-115,Moss,11.5,10,157.95
V00263,P0011,P0011-MO-12,Moss,12,11,157.95
V00264,P0011,P0011-MO-13,Moss,13,12,157.95
V00265,P0012,P0012-SL-7,Slate,7,1,116.95
V00266,P0012,P0012-SL-75,Slate,7.5,2,116.95
V00267,P0012,P0012-SL-8,Slate,8,3,116.95
V00268,P0012,P0012-SL-85,Slate,8.5,4,116.95
V00269,P0012,P0012-SL-9,Slate,9,5,116.95
V00270,P0012,P0012-SL-95,Slate,9.5,6,116.95
V00271,P0012,P0012-SL-10,Slate,10,7,116.95
V00272,P0012,P0012-SL-105,Slate,10.5,8,116.95
V00273,P0012,P0012-SL-11,Slate,11,9,116.95
V00274,P0012,P0012-SL-115,Slate,11.5,10,116.95
V00275,P0012,P0012-SL-12,Slate,12,11,116.95
V00276,P0012,P0012-SL-13,Slate,13,12,116.95
V00277,P0012,P0012-BO-7,Bone,7,1,116.95
V00278,P0012,P0012-BO-75,Bone,7.5,2,116.95
V00279,P0012,P0012-BO-8,Bone,8,3,116.95
V00280,P0012,P0012-BO-85,Bone,8.5,4,116.95
V00281,P0012,P0012-BO-9,Bone,9,5,116.95
V00282,P0012,P0012-BO-95,Bone,9.5,6,116.95
V00283,P0012,P0012-BO-10,Bone,10,7,116.95
V00284,P0012,P0012-BO-105,Bone,10.5,8,116.95
V00285,P0012,P0012-BO-11,Bone,11,9,116.95
V00286,P0012,P0012-BO-115,Bone,11.5,10,116.95
V00287,P0012,P0012-BO-12,Bone,12,11,116.95
V00288,P0012,P0012-BO-13,Bone,13,12,116.95
V00289,P0013,P0013-CL-7,Clay,7,1,175.95
V00290,P0013,P0013-CL-75,Clay,7.5,2,175.95
V00291,P0013,P0013-CL-8,Clay,8,3,175.95
V00292,P0013,P0013-CL-85,Clay,8.5,4,175.95
V00293,P0013,P0013-CL-9,Clay,9,5,175.95
V00294,P0013,P0013-CL-95,Clay,9.5,6,175.95
V00295,P0013,P0013-CL-10,Clay,10,7,175.95
V00296,P0013,P0013-CL-105,Clay,10.5,8,175.95
V00297,P0013,P0013-CL-11,Clay,11,9,175.95
V00298,P0013,P0013-CL-115,Clay,11.5,10,175.95
V00299,P0013,P0013-CL-12,Clay,12,11,175.95
V00300,P0013,P0013-CL-13,Clay,13,12,175.95
V00301,P0013,P0013-SL-7,Slate,7,1,175.95
V00302,P0013,P0013-SL-75,Slate,7.5,2,175.95
V00303,P0013,P0013-SL-8,Slate,8,3,175.95
V00304,P0013,P0013-SL-85,Slate,8.5,4,175.95
V00305,P0013,P0013-SL-9,Slate,9,5,175.95
V00306,P0013,P0013-SL-95,Slate,9.5,6,175.95
V00307,P0013,P0013-SL-10,Slate,10,7,175.95
V00308,P0013,P0013-SL-105,Slate,10.5,8,175.95
V00309,P0013,P0013-SL-11,Slate,11,9,175.95
V00310,P0013,P0013-SL-115,Slate,11.5,10,175.95
V00311,P0013,P0013-SL-12,Slate,12,11,175.95
V00312,P0013,P0013-SL-13,Slate,13,12,175.95
V00313,P0014,P0014-BO-7,Bone,7,1,189.95
V00314,P0014,P0014-BO-75,Bone,7.5,2,189.95
V00315,P0014,P0014-BO-8,Bone,8,3,189.95
V00316,P0014,P0014-BO-85,Bone,8.5,4,189.95
V00317,P0014,P0014-BO-9,Bone,9,5,189.95
V00318,P0014,P0014-BO-95,Bone,9.5,6,189.95
V00319,P0014,P0014-BO-10,Bone,10,7,189.95
V00320,P0014,P0014-BO-105,Bone,10.5,8,189.95
V00321,P0014,P0014-BO-11,Bone,11,9,189.95
V00322,P0014,P0014-BO-115,Bone,11.5,10,189.95
V00323,P0014,P0014-BO-12,Bone,12,11,189.95
V00324,P0014,P0014-BO-13,Bone,13,12,189.95
V00325,P0014,P0014-EM-7,Ember,7,1,189.95
V00326,P0014,P0014-EM-75,Ember,7.5,2,189.95
V00327,P0014,P0014-EM-8,Ember,8,3,189.95
V00328,P0014,P0014-EM-85,Ember,8.5,4,189.95
V00329,P0014,P0014-EM-9,Ember,9,5,189.95
V00330,P0014,P0014-EM-95,Ember,9.5,6,189.95
V00331,P0014,P0014-EM-10,Ember,10,7,189.95
V00332,P0014,P0014-EM-105,Ember,10.5,8,189.95
V00333,P0014,P0014-EM-11,Ember,11,9,189.95
V00334,P0014,P0014-EM-115,Ember,11.5,10,189.95
V00335,P0014,P0014-EM-12,Ember,12,11,189.95
V00336,P0014,P0014-EM-13,Ember,13,12,189.95
V00337,P0015,P0015-MO-7,Moss,7,1,219.95
V00338,P0015,P0015-MO-75,Moss,7.5,2,219.95
V00339,P0015,P0015-MO-8,Moss,8,3,219.95
V00340,P0015,P0015-MO-85,Moss,8.5,4,219.95
V00341,P0015,P0015-MO-9,Moss,9,5,219.95
V00342,P0015,P0015-MO-95,Moss,9.5,6,219.95
V00343,P0015,P0015-MO-10,Moss,10,7,219.95
V00344,P0015,P0015-MO-105,Moss,10.5,8,219.95
V00345,P0015,P0015-MO-11,Moss,11,9,219.95
V00346,P0015,P0015-MO-115,Moss,11.5,10,219.95
V00347,P0015,P0015-MO-12,Moss,12,11,219.95
V00348,P0015,P0015-MO-13,Moss,13,12,219.95
V00349,P0015,P0015-CL-7,Clay,7,1,219.95
V00350,P0015,P0015-CL-75,Clay,7.5,2,219.95
V00351,P0015,P0015-CL-8,Clay,8,3,219.95
V00352,P0015,P0015-CL-85,Clay,8.5,4,219.95
V00353,P0015,P0015-CL-9,Clay,9,5,219.95
V00354,P0015,P0015-CL-95,Clay,9.5,6,219.95
V00355,P0015,P0015-CL-10,Clay,10,7,219.95
V00356,P0015,P0015-CL-105,Clay,10.5,8,219.95
V00357,P0015,P0015-CL-11,Clay,11,9,219.95
V00358,P0015,P0015-CL-115,Clay,11.5,10,219.95
V00359,P0015,P0015-CL-12,Clay,12,11,219.95
V00360,P0015,P0015-CL-13,Clay,13,12,219.95
V00361,P0016,P0016-ST-7,Storm Blue,7,1,218.95
V00362,P0016,P0016-ST-75,Storm Blue,7.5,2,218.95
V00363,P0016,P0016-ST-8,Storm Blue,8,3,218.95
V00364,P0016,P0016-ST-85,Storm Blue,8.5,4,218.95
V00365,P0016,P0016-ST-9,Storm Blue,9,5,218.95
V00366,P0016,P0016-ST-95,Storm Blue,9.5,6,218.95
V00367,P0016,P0016-ST-10,Storm Blue,10,7,218.95
V00368,P0016,P0016-ST-105,Storm Blue,10.5,8,218.95
V00369,P0016,P0016-ST-11,Storm Blue,11,9,218.95
V00370,P0016,P0016-ST-115,Storm Blue,11.5,10,218.95
V00371,P0016,P0016-ST-12,Storm Blue,12,11,218.95
V00372,P0016,P0016-ST-13,Storm Blue,13,12,218.95
V00373,P0016,P0016-BA-7,Basalt,7,1,218.95
V00374,P0016,P0016-BA-75,Basalt,7.5,2,218.95
V00375,P0016,P0016-BA-8,Basalt,8,3,218.95
V00376,P0016,P0016-BA-85,Basalt,8.5,4,218.95
V00377,P0016,P0016-BA-9,Basalt,9,5,218.95
V00378,P0016,P0016-BA-95,Basalt,9.5,6,218.95
V00379,P0016,P0016-BA-10,Basalt,10,7,218.95
V00380,P0016,P0016-BA-105,Basalt,10.5,8,218.95
V00381,P0016,P0016-BA-11,Basalt,11,9,218.95
V00382,P0016,P0016-BA-115,Basalt,11.5,10,218.95
V00383,P0016,P0016-BA-12,Basalt,12,11,218.95
V00384,P0016,P0016-BA-13,Basalt,13,12,218.95
V00385,P0017,P0017-ST-XS,Storm Blue,XS,1,159.95
V00386,P0017,P0017-ST-S,Storm Blue,S,2,159.95
V00387,P0017,P0017-ST-M,Storm Blue,M,3,159.95
V00388,P0017,P0017-ST-L,Storm Blue,L,4,159.95
V00389,P0017,P0017-ST-XL,Storm Blue,XL,5,159.95
V00390,P0017,P0017-ST-XXL,Storm Blue,XXL,6,159.95
V00391,P0017,P0017-SL-XS,Slate,XS,1,159.95
V00392,P0017,P0017-SL-S,Slate,S,2,159.95
V00393,P0017,P0017-SL-M,Slate,M,3,159.95
V00394,P0017,P0017-SL-L,Slate,L,4,159.95
V00395,P0017,P0017-SL-XL,Slate,XL,5,159.95
V00396,P0017,P0017-SL-XXL,Slate,XXL,6,159.95
V00397,P0017,P0017-BO-XS,Bone,XS,1,159.95
V00398,P0017,P0017-BO-S,Bone,S,2,159.95
V00399,P0017,P0017-BO-M,Bone,M,3,159.95
V00400,P0017,P0017-BO-L,Bone,L,4,159.95
V00401,P0017,P0017-BO-XL,Bone,XL,5,159.95
V00402,P0017,P0017-BO-XXL,Bone,XXL,6,159.95
V00403,P0018,P0018-SL-XS,Slate,XS,1,180.95
V00404,P0018,P0018-SL-S,Slate,S,2,180.95
V00405,P0018,P0018-SL-M,Slate,M,3,180.95
V00406,P0018,P0018-SL-L,Slate,L,4,180.95
V00407,P0018,P0018-SL-XL,Slate,XL,5,180.95
V00408,P0018,P0018-SL-XXL,Slate,XXL,6,180.95
V00409,P0018,P0018-DU-XS,Dune,XS,1,180.95
V00410,P0018,P0018-DU-S,Dune,S,2,180.95
V00411,P0018,P0018-DU-M,Dune,M,3,180.95
V00412,P0018,P0018-DU-L,Dune,L,4,180.95
V00413,P0018,P0018-DU-XL,Dune,XL,5,180.95
V00414,P0018,P0018-DU-XXL,Dune,XXL,6,180.95
V00415,P0018,P0018-MO-XS,Moss,XS,1,180.95
V00416,P0018,P0018-MO-S,Moss,S,2,180.95
V00417,P0018,P0018-MO-M,Moss,M,3,180.95
V00418,P0018,P0018-MO-L,Moss,L,4,180.95
V00419,P0018,P0018-MO-XL,Moss,XL,5,180.95
V00420,P0018,P0018-MO-XXL,Moss,XXL,6,180.95
V00421,P0019,P0019-DU-XS,Dune,XS,1,250.95
V00422,P0019,P0019-DU-S,Dune,S,2,250.95
V00423,P0019,P0019-DU-M,Dune,M,3,250.95
V00424,P0019,P0019-DU-L,Dune,L,4,250.95
V00425,P0019,P0019-DU-XL,Dune,XL,5,250.95
V00426,P0019,P0019-DU-XXL,Dune,XXL,6,250.95
V00427,P0019,P0019-EM-XS,Ember,XS,1,250.95
V00428,P0019,P0019-EM-S,Ember,S,2,250.95
V00429,P0019,P0019-EM-M,Ember,M,3,250.95
V00430,P0019,P0019-EM-L,Ember,L,4,250.95
V00431,P0019,P0019-EM-XL,Ember,XL,5,250.95
V00432,P0019,P0019-EM-XXL,Ember,XXL,6,250.95
V00433,P0019,P0019-BO-XS,Bone,XS,1,250.95
V00434,P0019,P0019-BO-S,Bone,S,2,250.95
V00435,P0019,P0019-BO-M,Bone,M,3,250.95
V00436,P0019,P0019-BO-L,Bone,L,4,250.95
V00437,P0019,P0019-BO-XL,Bone,XL,5,250.95
V00438,P0019,P0019-BO-XXL,Bone,XXL,6,250.95
V00439,P0020,P0020-SL-XS,Slate,XS,1,425.95
V00440,P0020,P0020-SL-S,Slate,S,2,425.95
V00441,P0020,P0020-SL-M,Slate,M,3,425.95
V00442,P0020,P0020-SL-L,Slate,L,4,425.95
V00443,P0020,P0020-SL-XL,Slate,XL,5,425.95
V00444,P0020,P0020-SL-XXL,Slate,XXL,6,425.95
V00445,P0020,P0020-CL-XS,Clay,XS,1,425.95
V00446,P0020,P0020-CL-S,Clay,S,2,425.95
V00447,P0020,P0020-CL-M,Clay,M,3,425.95
V00448,P0020,P0020-CL-L,Clay,L,4,425.95
V00449,P0020,P0020-CL-XL,Clay,XL,5,425.95
V00450,P0020,P0020-CL-XXL,Clay,XXL,6,425.95
V00451,P0020,P0020-BO-XS,Bone,XS,1,425.95
V00452,P0020,P0020-BO-S,Bone,S,2,425.95
V00453,P0020,P0020-BO-M,Bone,M,3,425.95
V00454,P0020,P0020-BO-L,Bone,L,4,425.95
V00455,P0020,P0020-BO-XL,Bone,XL,5,425.95
V00456,P0020,P0020-BO-XXL,Bone,XXL,6,425.95
V00457,P0021,P0021-ST-XS,Storm Blue,XS,1,278.95
V00458,P0021,P0021-ST-S,Storm Blue,S,2,278.95
V00459,P0021,P0021-ST-M,Storm Blue,M,3,278.95
V00460,P0021,P0021-ST-L,Storm Blue,L,4,278.95
V00461,P0021,P0021-ST-XL,Storm Blue,XL,5,278.95
V00462,P0021,P0021-ST-XXL,Storm Blue,XXL,6,278.95
V00463,P0021,P0021-DU-XS,Dune,XS,1,278.95
V00464,P0021,P0021-DU-S,Dune,S,2,278.95
V00465,P0021,P0021-DU-M,Dune,M,3,278.95
V00466,P0021,P0021-DU-L,Dune,L,4,278.95
V00467,P0021,P0021-DU-XL,Dune,XL,5,278.95
V00468,P0021,P0021-DU-XXL,Dune,XXL,6,278.95
V00469,P0021,P0021-MO-XS,Moss,XS,1,278.95
V00470,P0021,P0021-MO-S,Moss,S,2,278.95
V00471,P0021,P0021-MO-M,Moss,M,3,278.95
V00472,P0021,P0021-MO-L,Moss,L,4,278.95
V00473,P0021,P0021-MO-XL,Moss,XL,5,278.95
V00474,P0021,P0021-MO-XXL,Moss,XXL,6,278.95
V00475,P0022,P0022-CL-XS,Clay,XS,1,439.95
V00476,P0022,P0022-CL-S,Clay,S,2,439.95
V00477,P0022,P0022-CL-M,Clay,M,3,439.95
V00478,P0022,P0022-CL-L,Clay,L,4,439.95
V00479,P0022,P0022-CL-XL,Clay,XL,5,439.95
V00480,P0022,P0022-CL-XXL,Clay,XXL,6,439.95
V00481,P0022,P0022-BO-XS,Bone,XS,1,439.95
V00482,P0022,P0022-BO-S,Bone,S,2,439.95
V00483,P0022,P0022-BO-M,Bone,M,3,439.95
V00484,P0022,P0022-BO-L,Bone,L,4,439.95
V00485,P0022,P0022-BO-XL,Bone,XL,5,439.95
V00486,P0022,P0022-BO-XXL,Bone,XXL,6,439.95
V00487,P0022,P0022-ST-XS,Storm Blue,XS,1,439.95
V00488,P0022,P0022-ST-S,Storm Blue,S,2,439.95
V00489,P0022,P0022-ST-M,Storm Blue,M,3,439.95
V00490,P0022,P0022-ST-L,Storm Blue,L,4,439.95
V00491,P0022,P0022-ST-XL,Storm Blue,XL,5,439.95
V00492,P0022,P0022-ST-XXL,Storm Blue,XXL,6,439.95
V00493,P0023,P0023-DU-XS,Dune,XS,1,132.95
V00494,P0023,P0023-DU-S,Dune,S,2,132.95
V00495,P0023,P0023-DU-M,Dune,M,3,132.95
V00496,P0023,P0023-DU-L,Dune,L,4,132.95
V00497,P0023,P0023-DU-XL,Dune,XL,5,132.95
V00498,P0023,P0023-DU-XXL,Dune,XXL,6,132.95
V00499,P0023,P0023-CL-XS,Clay,XS,1,132.95
V00500,P0023,P0023-CL-S,Clay,S,2,132.95
V00501,P0023,P0023-CL-M,Clay,M,3,132.95
V00502,P0023,P0023-CL-L,Clay,L,4,132.95
V00503,P0023,P0023-CL-XL,Clay,XL,5,132.95
V00504,P0023,P0023-CL-XXL,Clay,XXL,6,132.95
V00505,P0023,P0023-BO-XS,Bone,XS,1,132.95
V00506,P0023,P0023-BO-S,Bone,S,2,132.95
V00507,P0023,P0023-BO-M,Bone,M,3,132.95
V00508,P0023,P0023-BO-L,Bone,L,4,132.95
V00509,P0023,P0023-BO-XL,Bone,XL,5,132.95
V00510,P0023,P0023-BO-XXL,Bone,XXL,6,132.95
V00511,P0024,P0024-CL-XS,Clay,XS,1,122.95
V00512,P0024,P0024-CL-S,Clay,S,2,122.95
V00513,P0024,P0024-CL-M,Clay,M,3,122.95
V00514,P0024,P0024-CL-L,Clay,L,4,122.95
V00515,P0024,P0024-CL-XL,Clay,XL,5,122.95
V00516,P0024,P0024-CL-XXL,Clay,XXL,6,122.95
V00517,P0024,P0024-SL-XS,Slate,XS,1,122.95
V00518,P0024,P0024-SL-S,Slate,S,2,122.95
V00519,P0024,P0024-SL-M,Slate,M,3,122.95
V00520,P0024,P0024-SL-L,Slate,L,4,122.95
V00521,P0024,P0024-SL-XL,Slate,XL,5,122.95
V00522,P0024,P0024-SL-XXL,Slate,XXL,6,122.95
V00523,P0024,P0024-EM-XS,Ember,XS,1,122.95
V00524,P0024,P0024-EM-S,Ember,S,2,122.95
V00525,P0024,P0024-EM-M,Ember,M,3,122.95
V00526,P0024,P0024-EM-L,Ember,L,4,122.95
V00527,P0024,P0024-EM-XL,Ember,XL,5,122.95
V00528,P0024,P0024-EM-XXL,Ember,XXL,6,122.95
V00529,P0025,P0025-EM-XS,Ember,XS,1,95.95
V00530,P0025,P0025-EM-S,Ember,S,2,95.95
V00531,P0025,P0025-EM-M,Ember,M,3,95.95
V00532,P0025,P0025-EM-L,Ember,L,4,95.95
V00533,P0025,P0025-EM-XL,Ember,XL,5,95.95
V00534,P0025,P0025-EM-XXL,Ember,XXL,6,95.95
V00535,P0025,P0025-MO-XS,Moss,XS,1,95.95
V00536,P0025,P0025-MO-S,Moss,S,2,95.95
V00537,P0025,P0025-MO-M,Moss,M,3,95.95
V00538,P0025,P0025-MO-L,Moss,L,4,95.95
V00539,P0025,P0025-MO-XL,Moss,XL,5,95.95
V00540,P0025,P0025-MO-XXL,Moss,XXL,6,95.95
V00541,P0025,P0025-SL-XS,Slate,XS,1,95.95
V00542,P0025,P0025-SL-S,Slate,S,2,95.95
V00543,P0025,P0025-SL-M,Slate,M,3,95.95
V00544,P0025,P0025-SL-L,Slate,L,4,95.95
V00545,P0025,P0025-SL-XL,Slate,XL,5,95.95
V00546,P0025,P0025-SL-XXL,Slate,XXL,6,95.95
V00547,P0026,P0026-SL-XS,Slate,XS,1,52.95
V00548,P0026,P0026-SL-S,Slate,S,2,52.95
V00549,P0026,P0026-SL-M,Slate,M,3,52.95
V00550,P0026,P0026-SL-L,Slate,L,4,52.95
V00551,P0026,P0026-SL-XL,Slate,XL,5,52.95
V00552,P0026,P0026-SL-XXL,Slate,XXL,6,52.95
V00553,P0026,P0026-BO-XS,Bone,XS,1,52.95
V00554,P0026,P0026-BO-S,Bone,S,2,52.95
V00555,P0026,P0026-BO-M,Bone,M,3,52.95
V00556,P0026,P0026-BO-L,Bone,L,4,52.95
V00557,P0026,P0026-BO-XL,Bone,XL,5,52.95
V00558,P0026,P0026-BO-XXL,Bone,XXL,6,52.95
V00559,P0026,P0026-CL-XS,Clay,XS,1,52.95
V00560,P0026,P0026-CL-S,Clay,S,2,52.95
V00561,P0026,P0026-CL-M,Clay,M,3,52.95
V00562,P0026,P0026-CL-L,Clay,L,4,52.95
V00563,P0026,P0026-CL-XL,Clay,XL,5,52.95
V00564,P0026,P0026-CL-XXL,Clay,XXL,6,52.95
V00565,P0027,P0027-ST-XS,Storm Blue,XS,1,82.95
V00566,P0027,P0027-ST-S,Storm Blue,S,2,82.95
V00567,P0027,P0027-ST-M,Storm Blue,M,3,82.95
V00568,P0027,P0027-ST-L,Storm Blue,L,4,82.95
V00569,P0027,P0027-ST-XL,Storm Blue,XL,5,82.95
V00570,P0027,P0027-ST-XXL,Storm Blue,XXL,6,82.95
V00571,P0027,P0027-DU-XS,Dune,XS,1,82.95
V00572,P0027,P0027-DU-S,Dune,S,2,82.95
V00573,P0027,P0027-DU-M,Dune,M,3,82.95
V00574,P0027,P0027-DU-L,Dune,L,4,82.95
V00575,P0027,P0027-DU-XL,Dune,XL,5,82.95
V00576,P0027,P0027-DU-XXL,Dune,XXL,6,82.95
V00577,P0027,P0027-CL-XS,Clay,XS,1,82.95
V00578,P0027,P0027-CL-S,Clay,S,2,82.95
V00579,P0027,P0027-CL-M,Clay,M,3,82.95
V00580,P0027,P0027-CL-L,Clay,L,4,82.95
V00581,P0027,P0027-CL-XL,Clay,XL,5,82.95
V00582,P0027,P0027-CL-XXL,Clay,XXL,6,82.95
V00583,P0028,P0028-SL-XS,Slate,XS,1,93.95
V00584,P0028,P0028-SL-S,Slate,S,2,93.95
V00585,P0028,P0028-SL-M,Slate,M,3,93.95
V00586,P0028,P0028-SL-L,Slate,L,4,93.95
V00587,P0028,P0028-SL-XL,Slate,XL,5,93.95
V00588,P0028,P0028-SL-XXL,Slate,XXL,6,93.95
V00589,P0028,P0028-CL-XS,Clay,XS,1,93.95
V00590,P0028,P0028-CL-S,Clay,S,2,93.95
V00591,P0028,P0028-CL-M,Clay,M,3,93.95
V00592,P0028,P0028-CL-L,Clay,L,4,93.95
V00593,P0028,P0028-CL-XL,Clay,XL,5,93.95
V00594,P0028,P0028-CL-XXL,Clay,XXL,6,93.95
V00595,P0028,P0028-MO-XS,Moss,XS,1,93.95
V00596,P0028,P0028-MO-S,Moss,S,2,93.95
V00597,P0028,P0028-MO-M,Moss,M,3,93.95
V00598,P0028,P0028-MO-L,Moss,L,4,93.95
V00599,P0028,P0028-MO-XL,Moss,XL,5,93.95
V00600,P0028,P0028-MO-XXL,Moss,XXL,6,93.95
V00601,P0029,P0029-EM-XS,Ember,XS,1,135.95
V00602,P0029,P0029-EM-S,Ember,S,2,135.95
V00603,P0029,P0029-EM-M,Ember,M,3,135.95
V00604,P0029,P0029-EM-L,Ember,L,4,135.95
V00605,P0029,P0029-EM-XL,Ember,XL,5,135.95
V00606,P0029,P0029-EM-XXL,Ember,XXL,6,135.95
V00607,P0029,P0029-DU-XS,Dune,XS,1,135.95
V00608,P0029,P0029-DU-S,Dune,S,2,135.95
V00609,P0029,P0029-DU-M,Dune,M,3,135.95
V00610,P0029,P0029-DU-L,Dune,L,4,135.95
V00611,P0029,P0029-DU-XL,Dune,XL,5,135.95
V00612,P0029,P0029-DU-XXL,Dune,XXL,6,135.95
V00613,P0029,P0029-BA-XS,Basalt,XS,1,135.95
V00614,P0029,P0029-BA-S,Basalt,S,2,135.95
V00615,P0029,P0029-BA-M,Basalt,M,3,135.95
V00616,P0029,P0029-BA-L,Basalt,L,4,135.95
V00617,P0029,P0029-BA-XL,Basalt,XL,5,135.95
V00618,P0029,P0029-BA-XXL,Basalt,XXL,6,135.95
V00619,P0030,P0030-ST-XS,Storm Blue,XS,1,133.95
V00620,P0030,P0030-ST-S,Storm Blue,S,2,133.95
V00621,P0030,P0030-ST-M,Storm Blue,M,3,133.95
V00622,P0030,P0030-ST-L,Storm Blue,L,4,133.95
V00623,P0030,P0030-ST-XL,Storm Blue,XL,5,133.95
V00624,P0030,P0030-ST-XXL,Storm Blue,XXL,6,133.95
V00625,P0030,P0030-SL-XS,Slate,XS,1,133.95
V00626,P0030,P0030-SL-S,Slate,S,2,133.95
V00627,P0030,P0030-SL-M,Slate,M,3,133.95
V00628,P0030,P0030-SL-L,Slate,L,4,133.95
V00629,P0030,P0030-SL-XL,Slate,XL,5,133.95
V00630,P0030,P0030-SL-XXL,Slate,XXL,6,133.95
V00631,P0030,P0030-EM-XS,Ember,XS,1,133.95
V00632,P0030,P0030-EM-S,Ember,S,2,133.95
V00633,P0030,P0030-EM-M,Ember,M,3,133.95
V00634,P0030,P0030-EM-L,Ember,L,4,133.95
V00635,P0030,P0030-EM-XL,Ember,XL,5,133.95
V00636,P0030,P0030-EM-XXL,Ember,XXL,6,133.95
V00637,P0031,P0031-DU-XS,Dune,XS,1,75.95
V00638,P0031,P0031-DU-S,Dune,S,2,75.95
V00639,P0031,P0031-DU-M,Dune,M,3,75.95
V00640,P0031,P0031-DU-L,Dune,L,4,75.95
V00641,P0031,P0031-DU-XL,Dune,XL,5,75.95
V00642,P0031,P0031-DU-XXL,Dune,XXL,6,75.95
V00643,P0031,P0031-ST-XS,Storm Blue,XS,1,75.95
V00644,P0031,P0031-ST-S,Storm Blue,S,2,75.95
V00645,P0031,P0031-ST-M,Storm Blue,M,3,75.95
V00646,P0031,P0031-ST-L,Storm Blue,L,4,75.95
V00647,P0031,P0031-ST-XL,Storm Blue,XL,5,75.95
V00648,P0031,P0031-ST-XXL,Storm Blue,XXL,6,75.95
V00649,P0031,P0031-SL-XS,Slate,XS,1,75.95
V00650,P0031,P0031-SL-S,Slate,S,2,75.95
V00651,P0031,P0031-SL-M,Slate,M,3,75.95
V00652,P0031,P0031-SL-L,Slate,L,4,75.95
V00653,P0031,P0031-SL-XL,Slate,XL,5,75.95
V00654,P0031,P0031-SL-XXL,Slate,XXL,6,75.95
V00655,P0032,P0032-DU-XS,Dune,XS,1,39.95
V00656,P0032,P0032-DU-S,Dune,S,2,39.95
V00657,P0032,P0032-DU-M,Dune,M,3,39.95
V00658,P0032,P0032-DU-L,Dune,L,4,39.95
V00659,P0032,P0032-DU-XL,Dune,XL,5,39.95
V00660,P0032,P0032-DU-XXL,Dune,XXL,6,39.95
V00661,P0032,P0032-EM-XS,Ember,XS,1,39.95
V00662,P0032,P0032-EM-S,Ember,S,2,39.95
V00663,P0032,P0032-EM-M,Ember,M,3,39.95
V00664,P0032,P0032-EM-L,Ember,L,4,39.95
V00665,P0032,P0032-EM-XL,Ember,XL,5,39.95
V00666,P0032,P0032-EM-XXL,Ember,XXL,6,39.95
V00667,P0032,P0032-CL-XS,Clay,XS,1,39.95
V00668,P0032,P0032-CL-S,Clay,S,2,39.95
V00669,P0032,P0032-CL-M,Clay,M,3,39.95
V00670,P0032,P0032-CL-L,Clay,L,4,39.95
V00671,P0032,P0032-CL-XL,Clay,XL,5,39.95
V00672,P0032,P0032-CL-XXL,Clay,XXL,6,39.95
V00673,P0033,P0033-SL-XS,Slate,XS,1,48.95
V00674,P0033,P0033-SL-S,Slate,S,2,48.95
V00675,P0033,P0033-SL-M,Slate,M,3,48.95
V00676,P0033,P0033-SL-L,Slate,L,4,48.95
V00677,P0033,P0033-SL-XL,Slate,XL,5,48.95
V00678,P0033,P0033-SL-XXL,Slate,XXL,6,48.95
V00679,P0033,P0033-BA-XS,Basalt,XS,1,48.95
V00680,P0033,P0033-BA-S,Basalt,S,2,48.95
V00681,P0033,P0033-BA-M,Basalt,M,3,48.95
V00682,P0033,P0033-BA-L,Basalt,L,4,48.95
V00683,P0033,P0033-BA-XL,Basalt,XL,5,48.95
V00684,P0033,P0033-BA-XXL,Basalt,XXL,6,48.95
V00685,P0033,P0033-MO-XS,Moss,XS,1,48.95
V00686,P0033,P0033-MO-S,Moss,S,2,48.95
V00687,P0033,P0033-MO-M,Moss,M,3,48.95
V00688,P0033,P0033-MO-L,Moss,L,4,48.95
V00689,P0033,P0033-MO-XL,Moss,XL,5,48.95
V00690,P0033,P0033-MO-XXL,Moss,XXL,6,48.95
V00691,P0034,P0034-ST-XS,Storm Blue,XS,1,61.95
V00692,P0034,P0034-ST-S,Storm Blue,S,2,61.95
V00693,P0034,P0034-ST-M,Storm Blue,M,3,61.95
V00694,P0034,P0034-ST-L,Storm Blue,L,4,61.95
V00695,P0034,P0034-ST-XL,Storm Blue,XL,5,61.95
V00696,P0034,P0034-ST-XXL,Storm Blue,XXL,6,61.95
V00697,P0034,P0034-BO-XS,Bone,XS,1,61.95
V00698,P0034,P0034-BO-S,Bone,S,2,61.95
V00699,P0034,P0034-BO-M,Bone,M,3,61.95
V00700,P0034,P0034-BO-L,Bone,L,4,61.95
V00701,P0034,P0034-BO-XL,Bone,XL,5,61.95
V00702,P0034,P0034-BO-XXL,Bone,XXL,6,61.95
V00703,P0034,P0034-BA-XS,Basalt,XS,1,61.95
V00704,P0034,P0034-BA-S,Basalt,S,2,61.95
V00705,P0034,P0034-BA-M,Basalt,M,3,61.95
V00706,P0034,P0034-BA-L,Basalt,L,4,61.95
V00707,P0034,P0034-BA-XL,Basalt,XL,5,61.95
V00708,P0034,P0034-BA-XXL,Basalt,XXL,6,61.95
V00709,P0035,P0035-BO-One Size,Bone,One Size,1,192.95
V00710,P0035,P0035-BA-One Size,Basalt,One Size,1,192.95
V00711,P0036,P0036-BO-One Size,Bone,One Size,1,177.95
V00712,P0036,P0036-ST-One Size,Storm Blue,One Size,1,177.95
V00713,P0037,P0037-BA-One Size,Basalt,One Size,1,228.95
V00714,P0037,P0037-SL-One Size,Slate,One Size,1,228.95
V00715,P0038,P0038-MO-One Size,Moss,One Size,1,476.95
V00716,P0038,P0038-BO-One Size,Bone,One Size,1,476.95
V00717,P0039,P0039-EM-One Size,Ember,One Size,1,220.95
V00718,P0039,P0039-SL-One Size,Slate,One Size,1,220.95
V00719,P0040,P0040-EM-One Size,Ember,One Size,1,339.95
V00720,P0040,P0040-DU-One Size,Dune,One Size,1,339.95
V00721,P0041,P0041-BA-One Size,Basalt,One Size,1,211.95
V00722,P0041,P0041-CL-One Size,Clay,One Size,1,211.95
V00723,P0042,P0042-DU-One Size,Dune,One Size,1,358.95
V00724,P0042,P0042-BA-One Size,Basalt,One Size,1,358.95
V00725,P0043,P0043-MO-One Size,Moss,One Size,1,138.95
V00726,P0043,P0043-CL-One Size,Clay,One Size,1,138.95
V00727,P0044,P0044-ST-One Size,Storm Blue,One Size,1,115.95
V00728,P0044,P0044-BO-One Size,Bone,One Size,1,115.95
V00729,P0045,P0045-MO-One Size,Moss,One Size,1,93.95
V00730,P0045,P0045-CL-One Size,Clay,One Size,1,93.95
V00731,P0046,P0046-DU-One Size,Dune,One Size,1,121.95
V00732,P0046,P0046-CL-One Size,Clay,One Size,1,121.95
V00733,P0047,P0047-BA-One Size,Basalt,One Size,1,89.95
V00734,P0047,P0047-SL-One Size,Slate,One Size,1,89.95
V00735,P0048,P0048-SL-One Size,Slate,One Size,1,83.95
V00736,P0048,P0048-BO-One Size,Bone,One Size,1,83.95
V00737,P0049,P0049-BO-One Size,Bone,One Size,1,51.95
V00738,P0049,P0049-DU-One Size,Dune,One Size,1,51.95
V00739,P0050,P0050-BO-One Size,Bone,One Size,1,215.95
V00740,P0050,P0050-DU-One Size,Dune,One Size,1,215.95
V00741,P0051,P0051-EM-One Size,Ember,One Size,1,73.95
V00742,P0051,P0051-CL-One Size,Clay,One Size,1,73.95
V00743,P0052,P0052-EM-One Size,Ember,One Size,1,131.95
V00744,P0052,P0052-SL-One Size,Slate,One Size,1,131.95
