ProductID,StyleCode,ProductName,DepartmentName,CategoryName,SupplierID,SeasonCode,ListPrice,UnitCost,LaunchDate,IsRfidTagged
P0001,YK-FOO-0001,Cascade Ridge Hiking Boot,Footwear,Hiking Boots,SUP04,SS26,271.95,128.94,2024-10-11,true
P0002,YK-FOO-0002,Talus Hiking Boot,Footwear,Hiking Boots,SUP07,SS25,190.95,78.05,2023-11-14,true
P0003,YK-FOO-0003,Timberline Hiking Boot,Footwear,Hiking Boots,SUP03,FW25,164.95,82.88,2023-10-25,true
P0004,YK-FOO-0004,Granite Hiking Boot,Footwear,Hiking Boots,SUP06,SS25,240.95,113.76,2024-03-18,true
P0005,YK-FOO-0005,Larkspur Trail Runner,Footwear,Trail Runners,SUP02,AllSeason,133.95,57.40,2023-08-22,true
P0006,YK-FOO-0006,Summit Trail Runner,Footwear,Trail Runners,SUP05,SS26,162.95,72.02,2024-09-10,true
P0007,YK-FOO-0007,Selkirk Trail Runner,Footwear,Trail Runners,SUP01,FW25,126.95,50.66,2024-05-14,true
P0008,YK-FOO-0008,Glacier Trail Runner,Footwear,Trail Runners,SUP04,AllSeason,135.95,66.10,2024-06-14,true
P0009,YK-FOO-0009,Alpine Approach Shoe,Footwear,Approach Shoes,SUP07,FW25,119.95,50.35,2024-01-14,true
P0010,YK-FOO-0010,Chinook Approach Shoe,Footwear,Approach Shoes,SUP03,SS25,108.95,50.77,2023-11-17,true
P0011,YK-FOO-0011,Aspen Approach Shoe,Footwear,Approach Shoes,SUP06,AllSeason,157.95,64.70,2024-03-01,true
P0012,YK-FOO-0012,Basin Approach Shoe,Footwear,Approach Shoes,SUP02,FW25,116.95,49.13,2024-06-21,true
P0013,YK-FOO-0013,Sawtooth Insulated Boot,Footwear,Insulated Boots,SUP05,AllSeason,175.95,77.03,2024-11-06,true
P0014,YK-FOO-0014,Wolverine Insulated Boot,Footwear,Insulated Boots,SUP01,SS26,189.95,76.85,2024-06-05,true
P0015,YK-FOO-0015,Cirque Insulated Boot,Footwear,Insulated Boots,SUP04,AllSeason,219.95,96.98,2023-11-18,true
P0016,YK-FOO-0016,Kestrel Insulated Boot,Footwear,Insulated Boots,SUP07,FW25,218.95,84.90,2024-05-25,true
P0017,YK-APP-0017,Juniper Rain Shell,Apparel,Rain Shells,SUP03,SS25,159.95,75.63,2024-08-21,true
P0018,YK-APP-0018,Cascade Ridge Rain Shell,Apparel,Rain Shells,SUP06,AllSeason,180.95,76.28,2024-07-29,true
P0019,YK-APP-0019,Ridgeline Rain Shell,Apparel,Rain Shells,SUP02,AllSeason,250.95,113.30,2024-10-05,true
P0020,YK-APP-0020,Talus Down Jacket,Apparel,Insulated Jackets,SUP05,FW25,425.95,217.91,2023-10-08,true
P0021,YK-APP-0021,Timberline Down Jacket,Apparel,Insulated Jackets,SUP01,SS26,278.95,129.34,2023-10-15,true
P0022,YK-APP-0022,Granite Down Jacket,Apparel,Insulated Jackets,SUP04,FW25,439.95,183.11,2023-08-24,true
P0023,YK-APP-0023,Larkspur Fleece,Apparel,Fleece,SUP07,SS25,132.95,63.21,2023-07-29,true
P0024,YK-APP-0024,Summit Fleece,Apparel,Fleece,SUP03,SS26,122.95,56.39,2023-09-22,true
P0025,YK-APP-0025,Selkirk Fleece,Apparel,Fleece,SUP06,FW25,95.95,37.91,2024-10-19,true
P0026,YK-APP-0026,Glacier Base Layer,Apparel,Base Layers,SUP02,SS26,52.95,23.28,2023-09-13,true
P0027,YK-APP-0027,Alpine Base Layer,Apparel,Base Layers,SUP05,FW25,82.95,42.30,2023-12-09,true
P0028,YK-APP-0028,Chinook Base Layer,Apparel,Base Layers,SUP01,FW25,93.95,43.73,2024-03-02,true
P0029,YK-APP-0029,Aspen Hiking Trouser,Apparel,Hiking Trousers,SUP04,SS25,135.95,68.37,2024-11-05,true
P0030,YK-APP-0030,Basin Hiking Trouser,Apparel,Hiking Trousers,SUP07,SS26,133.95,54.14,2024-10-06,true
P0031,YK-APP-0031,Sawtooth Hiking Trouser,Apparel,Hiking Trousers,SUP03,AllSeason,75.95,36.58,2024-06-12,true
P0032,YK-APP-0032,Wolverine Technical Tee,Apparel,Technical Tees,SUP06,SS26,39.95,19.58,2024-10-06,true
P0033,YK-APP-0033,Cirque Technical Tee,Apparel,Technical Tees,SUP02,FW25,48.95,19.62,2024-06-07,true
P0034,YK-APP-0034,Kestrel Technical Tee,Apparel,Technical Tees,SUP05,SS25,61.95,30.69,2024-07-30,true
P0035,YK-EQU-0035,Juniper Backpack,Equipment,Backpacks,SUP01,SS25,192.95,82.32,2024-01-24,false
P0036,YK-EQU-0036,Cascade Ridge Backpack,Equipment,Backpacks,SUP04,SS25,177.95,71.07,2024-11-24,false
P0037,YK-EQU-0037,Ridgeline Backpack,Equipment,Backpacks,SUP07,SS25,228.95,116.94,2023-07-21,false
P0038,YK-EQU-0038,Talus Tent,Equipment,Tents,SUP03,FW25,476.95,247.30,2024-03-16,false
P0039,YK-EQU-0039,Timberline Tent,Equipment,Tents,SUP06,AllSeason,220.95,88.32,2024-07-14,false
P0040,YK-EQU-0040,Granite Tent,Equipment,Tents,SUP02,SS26,339.95,175.80,2024-06-03,false
P0041,YK-EQU-0041,Larkspur Sleeping Bag,Equipment,Sleeping Bags,SUP05,SS26,211.95,104.23,2023-08-18,false
P0042,YK-EQU-0042,Summit Sleeping Bag,Equipment,Sleeping Bags,SUP01,FW25,358.95,142.14,2023-08-09,false
P0043,YK-EQU-0043,Selkirk Sleeping Bag,Equipment,Sleeping Bags,SUP04,FW25,138.95,69.41,2024-02-24,false
P0044,YK-EQU-0044,Glacier Trekking Poles,Equipment,Trekking Poles,SUP07,AllSeason,115.95,59.10,2023-10-31,false
P0045,YK-EQU-0045,Alpine Trekking Poles,Equipment,Trekking Poles,SUP03,AllSeason,93.95,37.23,2024-11-17,false
P0046,YK-EQU-0046,Chinook Trekking Poles,Equipment,Trekking Poles,SUP06,AllSeason,121.95,48.96,2023-10-05,false
P0047,YK-EQU-0047,Aspen Headlamp,Equipment,Headlamps,SUP02,SS25,89.95,39.76,2024-04-05,false
P0048,YK-EQU-0048,Basin Headlamp,Equipment,Headlamps,SUP05,FW25,83.95,40.99,2024-01-01,false
P0049,YK-EQU-0049,Sawtooth Headlamp,Equipment,Headlamps,SUP01,FW25,51.95,24.49,2023-12-10,false
P0050,YK-EQU-0050,Wolverine Camp Stove,Equipment,Camp Stoves,SUP04,FW25,215.95,106.64,2024-11-24,false
P0051,YK-EQU-0051,Cirque Camp Stove,Equipment,Camp Stoves,SUP07,AllSeason,73.95,32.91,2023-11-15,false
P0052,YK-EQU-0052,Kestrel Camp Stove,Equipment,Camp Stoves,SUP03,AllSeason,131.95,50.46,2023-07-28,false
